patient_id,timestamp,iop_left,iop_right,IOP
P001,2025-09-01 08:00:00,17.0,18.0,17.5
P001,2025-09-01 20:00:00,16.0,14.0,15.0
P001,2025-09-02 08:00:00,17.0,18.0,17.5
P001,2025-09-02 20:00:00,19.0,19.0,19.0
P001,2025-09-03 08:00:00,16.0,17.0,16.5
P001,2025-09-03 20:00:00,16.0,20.0,18.0
P001,2025-09-04 08:00:00,19.0,14.0,16.5
P001,2025-09-04 20:00:00,18.0,14.0,16.0
P001,2025-09-05 08:00:00,15.0,12.0,13.5
P001,2025-09-05 20:00:00,17.0,19.0,18.0
P001,2025-09-06 08:00:00,15.0,17.0,16.0
P001,2025-09-06 20:00:00,15.0,16.0,15.5
P001,2025-09-07 08:00:00,16.0,17.0,16.5
P001,2025-09-07 20:00:00,12.0,14.0,13.0
P001,2025-09-08 08:00:00,13.0,21.0,17.0
P001,2025-09-08 20:00:00,15.0,16.0,15.5
P001,2025-09-09 08:00:00,14.0,16.0,15.0
P001,2025-09-09 20:00:00,17.0,17.0,17.0
P001,2025-09-10 08:00:00,14.0,17.0,15.5
P001,2025-09-10 20:00:00,13.0,16.0,14.5
P001,2025-09-11 08:00:00,19.0,14.0,16.5
P001,2025-09-11 20:00:00,16.0,17.0,16.5
P001,2025-09-12 08:00:00,16.0,20.0,18.0
P001,2025-09-12 20:00:00,13.0,19.0,16.0
P001,2025-09-13 08:00:00,15.0,19.0,17.0
P001,2025-09-13 20:00:00,16.0,15.0,15.5
P001,2025-09-14 08:00:00,14.0,14.0,14.0
P001,2025-09-14 20:00:00,17.0,16.0,16.5
P001,2025-09-15 08:00:00,15.0,16.0,15.5
P001,2025-09-15 20:00:00,15.0,18.0,16.5
P001,2025-09-16 08:00:00,15.0,13.0,14.0
P001,2025-09-16 20:00:00,20.0,19.0,19.5
P001,2025-09-17 08:00:00,16.0,16.0,16.0
P001,2025-09-17 20:00:00,14.0,15.0,14.5
P001,2025-09-18 08:00:00,18.0,14.0,16.0
P001,2025-09-18 20:00:00,14.0,13.0,13.5
P001,2025-09-19 08:00:00,16.0,18.0,17.0
P001,2025-09-19 20:00:00,12.0,16.0,14.0
P001,2025-09-20 08:00:00,13.0,13.0,13.0
P001,2025-09-20 20:00:00,16.0,13.0,14.5
P001,2025-09-21 08:00:00,17.0,15.0,16.0
P001,2025-09-21 20:00:00,16.0,19.0,17.5
P001,2025-09-22 08:00:00,16.0,15.0,15.5
P001,2025-09-22 20:00:00,15.0,13.0,14.0
P001,2025-09-23 08:00:00,13.0,16.0,14.5
P001,2025-09-23 20:00:00,15.0,15.0,15.0
P001,2025-09-24 08:00:00,15.0,11.0,13.0
P001,2025-09-24 20:00:00,18.0,16.0,17.0
P001,2025-09-25 08:00:00,17.0,16.0,16.5
P001,2025-09-25 20:00:00,12.0,17.0,14.5
P001,2025-09-26 08:00:00,17.0,20.0,18.5
P001,2025-09-26 20:00:00,15.0,18.0,16.5
P001,2025-09-27 08:00:00,15.0,15.0,15.0
P001,2025-09-27 20:00:00,17.0,14.0,15.5
P001,2025-09-28 08:00:00,18.0,21.0,19.5
P001,2025-09-28 20:00:00,18.0,16.0,17.0
P001,2025-09-29 08:00:00,14.0,16.0,15.0
P001,2025-09-29 20:00:00,15.0,16.0,15.5
P001,2025-09-30 08:00:00,17.0,16.0,16.5
P001,2025-09-30 20:00:00,18.0,16.0,17.0
P002,2025-09-01 08:00:00,15.0,15.0,15.0
P002,2025-09-01 20:00:00,16.0,15.0,15.5
P002,2025-09-02 08:00:00,14.0,16.0,15.0
P002,2025-09-02 20:00:00,14.0,15.0,14.5
P002,2025-09-03 08:00:00,18.0,15.0,16.5
P002,2025-09-03 20:00:00,19.0,16.0,17.5
P002,2025-09-04 08:00:00,16.0,15.0,15.5
P002,2025-09-04 20:00:00,18.0,19.0,18.5
P002,2025-09-05 08:00:00,17.0,11.0,14.0
P002,2025-09-05 20:00:00,15.0,18.0,16.5
P002,2025-09-06 08:00:00,17.0,18.0,17.5
P002,2025-09-06 20:00:00,19.0,12.0,15.5
P002,2025-09-07 08:00:00,16.0,15.0,15.5
P002,2025-09-07 20:00:00,19.0,15.0,17.0
P002,2025-09-08 08:00:00,11.0,13.0,12.0
P002,2025-09-08 20:00:00,18.0,14.0,16.0
P002,2025-09-09 08:00:00,16.0,14.0,15.0
P002,2025-09-09 20:00:00,15.0,20.0,17.5
P002,2025-09-10 08:00:00,16.0,18.0,17.0
P002,2025-09-10 20:00:00,12.0,19.0,15.5
P002,2025-09-11 08:00:00,16.0,17.0,16.5
P002,2025-09-11 20:00:00,17.0,14.0,15.5
P002,2025-09-12 08:00:00,19.0,15.0,17.0
P002,2025-09-12 20:00:00,15.0,17.0,16.0
P002,2025-09-13 08:00:00,14.0,14.0,14.0
P002,2025-09-13 20:00:00,15.0,17.0,16.0
P002,2025-09-14 08:00:00,18.0,16.0,17.0
P002,2025-09-14 20:00:00,17.0,15.0,16.0
P002,2025-09-15 08:00:00,15.0,17.0,16.0
P002,2025-09-15 20:00:00,17.0,17.0,17.0
P002,2025-09-16 08:00:00,16.0,15.0,15.5
P002,2025-09-16 20:00:00,18.0,18.0,18.0
P002,2025-09-17 08:00:00,15.0,14.0,14.5
P002,2025-09-17 20:00:00,15.0,17.0,16.0
P002,2025-09-18 08:00:00,15.0,17.0,16.0
P002,2025-09-18 20:00:00,13.0,15.0,14.0
P002,2025-09-19 08:00:00,17.0,17.0,17.0
P002,2025-09-19 20:00:00,17.0,13.0,15.0
P002,2025-09-20 08:00:00,16.0,18.0,17.0
P002,2025-09-20 20:00:00,16.0,16.0,16.0
P002,2025-09-21 08:00:00,13.0,15.0,14.0
P002,2025-09-21 20:00:00,15.0,18.0,16.5
P002,2025-09-22 08:00:00,15.0,15.0,15.0
P002,2025-09-22 20:00:00,14.0,13.0,13.5
P002,2025-09-23 08:00:00,16.0,13.0,14.5
P002,2025-09-23 20:00:00,17.0,17.0,17.0
P002,2025-09-24 08:00:00,20.0,13.0,16.5
P002,2025-09-24 20:00:00,16.0,20.0,18.0
P002,2025-09-25 08:00:00,17.0,12.0,14.5
P002,2025-09-25 20:00:00,16.0,19.0,17.5
P002,2025-09-26 08:00:00,12.0,16.0,14.0
P002,2025-09-26 20:00:00,16.0,16.0,16.0
P002,2025-09-27 08:00:00,16.0,15.0,15.5
P002,2025-09-27 20:00:00,21.0,17.0,19.0
P002,2025-09-28 08:00:00,16.0,16.0,16.0
P002,2025-09-28 20:00:00,17.0,18.0,17.5
P002,2025-09-29 08:00:00,16.0,16.0,16.0
P002,2025-09-29 20:00:00,14.0,16.0,15.0
P002,2025-09-30 08:00:00,18.0,15.0,16.5
P002,2025-09-30 20:00:00,18.0,16.0,17.0
P003,2025-09-01 08:00:00,18.0,17.0,17.5
P003,2025-09-01 20:00:00,14.0,13.0,13.5
P003,2025-09-02 08:00:00,19.0,13.0,16.0
P003,2025-09-02 20:00:00,13.0,17.0,15.0
P003,2025-09-03 08:00:00,17.0,16.0,16.5
P003,2025-09-03 20:00:00,20.0,16.0,18.0
P003,2025-09-04 08:00:00,14.0,16.0,15.0
P003,2025-09-04 20:00:00,15.0,17.0,16.0
P003,2025-09-05 08:00:00,16.0,15.0,15.5
P003,2025-09-05 20:00:00,15.0,14.0,14.5
P003,2025-09-06 08:00:00,13.0,16.0,14.5
P003,2025-09-06 20:00:00,16.0,14.0,15.0
P003,2025-09-07 08:00:00,14.0,17.0,15.5
P003,2025-09-07 20:00:00,17.0,13.0,15.0
P003,2025-09-08 08:00:00,14.0,18.0,16.0
P003,2025-09-08 20:00:00,19.0,17.0,18.0
P003,2025-09-09 08:00:00,14.0,17.0,15.5
P003,2025-09-09 20:00:00,15.0,18.0,16.5
P003,2025-09-10 08:00:00,18.0,19.0,18.5
P003,2025-09-10 20:00:00,14.0,18.0,16.0
P003,2025-09-11 08:00:00,16.0,12.0,14.0
P003,2025-09-11 20:00:00,19.0,13.0,16.0
P003,2025-09-12 08:00:00,13.0,15.0,14.0
P003,2025-09-12 20:00:00,16.0,16.0,16.0
P003,2025-09-13 08:00:00,17.0,17.0,17.0
P003,2025-09-13 20:00:00,18.0,15.0,16.5
P003,2025-09-14 08:00:00,14.0,16.0,15.0
P003,2025-09-14 20:00:00,13.0,14.0,13.5
P003,2025-09-15 08:00:00,17.0,15.0,16.0
P003,2025-09-15 20:00:00,17.0,13.0,15.0
P003,2025-09-16 08:00:00,17.0,14.0,15.5
P003,2025-09-16 20:00:00,17.0,13.0,15.0
P003,2025-09-17 08:00:00,15.0,14.0,14.5
P003,2025-09-17 20:00:00,16.0,18.0,17.0
P003,2025-09-18 08:00:00,17.0,14.0,15.5
P003,2025-09-18 20:00:00,15.0,21.0,18.0
P003,2025-09-19 08:00:00,20.0,17.0,18.5
P003,2025-09-19 20:00:00,17.0,16.0,16.5
P003,2025-09-20 08:00:00,14.0,14.0,14.0
P003,2025-09-20 20:00:00,17.0,17.0,17.0
P003,2025-09-21 08:00:00,14.0,15.0,14.5
P003,2025-09-21 20:00:00,18.0,16.0,17.0
P003,2025-09-22 08:00:00,18.0,21.0,19.5
P003,2025-09-22 20:00:00,14.0,16.0,15.0
P003,2025-09-23 08:00:00,18.0,18.0,18.0
P003,2025-09-23 20:00:00,17.0,15.0,16.0
P003,2025-09-24 08:00:00,18.0,16.0,17.0
P003,2025-09-24 20:00:00,20.0,20.0,20.0
P003,2025-09-25 08:00:00,16.0,15.0,15.5
P003,2025-09-25 20:00:00,14.0,20.0,17.0
P003,2025-09-26 08:00:00,14.0,17.0,15.5
P003,2025-09-26 20:00:00,14.0,15.0,14.5
P003,2025-09-27 08:00:00,16.0,17.0,16.5
P003,2025-09-27 20:00:00,17.0,18.0,17.5
P003,2025-09-28 08:00:00,17.0,17.0,17.0
P003,2025-09-28 20:00:00,18.0,13.0,15.5
P003,2025-09-29 08:00:00,16.0,15.0,15.5
P003,2025-09-29 20:00:00,19.0,16.0,17.5
P003,2025-09-30 08:00:00,15.0,16.0,15.5
P003,2025-09-30 20:00:00,21.0,17.0,19.0
P004,2025-09-01 08:00:00,17.0,16.0,16.5
P004,2025-09-01 20:00:00,14.0,13.0,13.5
P004,2025-09-02 08:00:00,14.0,17.0,15.5
P004,2025-09-02 20:00:00,17.0,17.0,17.0
P004,2025-09-03 08:00:00,16.0,17.0,16.5
P004,2025-09-03 20:00:00,17.0,18.0,17.5
P004,2025-09-04 08:00:00,17.0,18.0,17.5
P004,2025-09-04 20:00:00,16.0,17.0,16.5
P004,2025-09-05 08:00:00,14.0,16.0,15.0
P004,2025-09-05 20:00:00,13.0,13.0,13.0
P004,2025-09-06 08:00:00,15.0,17.0,16.0
P004,2025-09-06 20:00:00,18.0,16.0,17.0
P004,2025-09-07 08:00:00,16.0,17.0,16.5
P004,2025-09-07 20:00:00,14.0,13.0,13.5
P004,2025-09-08 08:00:00,16.0,14.0,15.0
P004,2025-09-08 20:00:00,17.0,18.0,17.5
P004,2025-09-09 08:00:00,14.0,16.0,15.0
P004,2025-09-09 20:00:00,16.0,17.0,16.5
P004,2025-09-10 08:00:00,16.0,16.0,16.0
P004,2025-09-10 20:00:00,14.0,16.0,15.0
P004,2025-09-11 08:00:00,17.0,18.0,17.5
P004,2025-09-11 20:00:00,17.0,15.0,16.0
P004,2025-09-12 08:00:00,18.0,16.0,17.0
P004,2025-09-12 20:00:00,18.0,15.0,16.5
P004,2025-09-13 08:00:00,13.0,15.0,14.0
P004,2025-09-13 20:00:00,14.0,15.0,14.5
P004,2025-09-14 08:00:00,17.0,16.0,16.5
P004,2025-09-14 20:00:00,17.0,15.0,16.0
P004,2025-09-15 08:00:00,17.0,19.0,18.0
P004,2025-09-15 20:00:00,24.0,14.0,19.0
P004,2025-09-16 08:00:00,17.0,16.0,16.5
P004,2025-09-16 20:00:00,18.0,15.0,16.5
P004,2025-09-17 08:00:00,18.0,19.0,18.5
P004,2025-09-17 20:00:00,17.0,16.0,16.5
P004,2025-09-18 08:00:00,15.0,18.0,16.5
P004,2025-09-18 20:00:00,18.0,13.0,15.5
P004,2025-09-19 08:00:00,14.0,17.0,15.5
P004,2025-09-19 20:00:00,16.0,18.0,17.0
P004,2025-09-20 08:00:00,15.0,16.0,15.5
P004,2025-09-20 20:00:00,16.0,18.0,17.0
P004,2025-09-21 08:00:00,21.0,15.0,18.0
P004,2025-09-21 20:00:00,12.0,19.0,15.5
P004,2025-09-22 08:00:00,17.0,21.0,19.0
P004,2025-09-22 20:00:00,13.0,15.0,14.0
P004,2025-09-23 08:00:00,15.0,15.0,15.0
P004,2025-09-23 20:00:00,18.0,19.0,18.5
P004,2025-09-24 08:00:00,16.0,19.0,17.5
P004,2025-09-24 20:00:00,14.0,15.0,14.5
P004,2025-09-25 08:00:00,15.0,15.0,15.0
P004,2025-09-25 20:00:00,17.0,15.0,16.0
P004,2025-09-26 08:00:00,15.0,13.0,14.0
P004,2025-09-26 20:00:00,16.0,14.0,15.0
P004,2025-09-27 08:00:00,16.0,14.0,15.0
P004,2025-09-27 20:00:00,15.0,14.0,14.5
P004,2025-09-28 08:00:00,20.0,16.0,18.0
P004,2025-09-28 20:00:00,17.0,16.0,16.5
P004,2025-09-29 08:00:00,12.0,19.0,15.5
P004,2025-09-29 20:00:00,16.0,14.0,15.0
P004,2025-09-30 08:00:00,15.0,18.0,16.5
P004,2025-09-30 20:00:00,18.0,16.0,17.0
P005,2025-09-01 08:00:00,14.0,16.0,15.0
P005,2025-09-01 20:00:00,16.0,17.0,16.5
P005,2025-09-02 08:00:00,17.0,14.0,15.5
P005,2025-09-02 20:00:00,18.0,17.0,17.5
P005,2025-09-03 08:00:00,14.0,16.0,15.0
P005,2025-09-03 20:00:00,15.0,17.0,16.0
P005,2025-09-04 08:00:00,15.0,17.0,16.0
P005,2025-09-04 20:00:00,15.0,21.0,18.0
P005,2025-09-05 08:00:00,20.0,15.0,17.5
P005,2025-09-05 20:00:00,17.0,15.0,16.0
P005,2025-09-06 08:00:00,13.0,15.0,14.0
P005,2025-09-06 20:00:00,18.0,15.0,16.5
P005,2025-09-07 08:00:00,20.0,15.0,17.5
P005,2025-09-07 20:00:00,18.0,18.0,18.0
P005,2025-09-08 08:00:00,13.0,19.0,16.0
P005,2025-09-08 20:00:00,15.0,15.0,15.0
P005,2025-09-09 08:00:00,19.0,14.0,16.5
P005,2025-09-09 20:00:00,15.0,17.0,16.0
P005,2025-09-10 08:00:00,17.0,15.0,16.0
P005,2025-09-10 20:00:00,18.0,17.0,17.5
P005,2025-09-11 08:00:00,14.0,16.0,15.0
P005,2025-09-11 20:00:00,16.0,13.0,14.5
P005,2025-09-12 08:00:00,10.0,19.0,14.5
P005,2025-09-12 20:00:00,14.0,20.0,17.0
P005,2025-09-13 08:00:00,15.0,15.0,15.0
P005,2025-09-13 20:00:00,14.0,15.0,14.5
P005,2025-09-14 08:00:00,19.0,17.0,18.0
P005,2025-09-14 20:00:00,13.0,17.0,15.0
P005,2025-09-15 08:00:00,15.0,17.0,16.0
P005,2025-09-15 20:00:00,16.0,20.0,18.0
P005,2025-09-16 08:00:00,19.0,16.0,17.5
P005,2025-09-16 20:00:00,13.0,14.0,13.5
P005,2025-09-17 08:00:00,18.0,13.0,15.5
P005,2025-09-17 20:00:00,16.0,15.0,15.5
P005,2025-09-18 08:00:00,14.0,16.0,15.0
P005,2025-09-18 20:00:00,17.0,20.0,18.5
P005,2025-09-19 08:00:00,16.0,15.0,15.5
P005,2025-09-19 20:00:00,15.0,16.0,15.5
P005,2025-09-20 08:00:00,16.0,16.0,16.0
P005,2025-09-20 20:00:00,15.0,18.0,16.5
P005,2025-09-21 08:00:00,16.0,21.0,18.5
P005,2025-09-21 20:00:00,17.0,15.0,16.0
P005,2025-09-22 08:00:00,19.0,15.0,17.0
P005,2025-09-22 20:00:00,14.0,18.0,16.0
P005,2025-09-23 08:00:00,20.0,17.0,18.5
P005,2025-09-23 20:00:00,12.0,20.0,16.0
P005,2025-09-24 08:00:00,16.0,17.0,16.5
P005,2025-09-24 20:00:00,17.0,15.0,16.0
P005,2025-09-25 08:00:00,17.0,17.0,17.0
P005,2025-09-25 20:00:00,15.0,18.0,16.5
P005,2025-09-26 08:00:00,16.0,18.0,17.0
P005,2025-09-26 20:00:00,15.0,17.0,16.0
P005,2025-09-27 08:00:00,15.0,18.0,16.5
P005,2025-09-27 20:00:00,18.0,18.0,18.0
P005,2025-09-28 08:00:00,17.0,19.0,18.0
P005,2025-09-28 20:00:00,15.0,17.0,16.0
P005,2025-09-29 08:00:00,18.0,16.0,17.0
P005,2025-09-29 20:00:00,17.0,16.0,16.5
P005,2025-09-30 08:00:00,18.0,18.0,18.0
P005,2025-09-30 20:00:00,17.0,14.0,15.5
P006,2025-09-01 08:00:00,14.0,17.0,15.5
P006,2025-09-01 20:00:00,15.0,15.0,15.0
P006,2025-09-02 08:00:00,17.0,16.0,16.5
P006,2025-09-02 20:00:00,17.0,19.0,18.0
P006,2025-09-03 08:00:00,16.0,16.0,16.0
P006,2025-09-03 20:00:00,16.0,16.0,16.0
P006,2025-09-04 08:00:00,19.0,13.0,16.0
P006,2025-09-04 20:00:00,15.0,17.0,16.0
P006,2025-09-05 08:00:00,17.0,17.0,17.0
P006,2025-09-05 20:00:00,16.0,20.0,18.0
P006,2025-09-06 08:00:00,16.0,15.0,15.5
P006,2025-09-06 20:00:00,18.0,16.0,17.0
P006,2025-09-07 08:00:00,18.0,16.0,17.0
P006,2025-09-07 20:00:00,18.0,19.0,18.5
P006,2025-09-08 08:00:00,19.0,16.0,17.5
P006,2025-09-08 20:00:00,16.0,17.0,16.5
P006,2025-09-09 08:00:00,17.0,17.0,17.0
P006,2025-09-09 20:00:00,15.0,16.0,15.5
P006,2025-09-10 08:00:00,17.0,15.0,16.0
P006,2025-09-10 20:00:00,16.0,16.0,16.0
P006,2025-09-11 08:00:00,16.0,18.0,17.0
P006,2025-09-11 20:00:00,17.0,14.0,15.5
P006,2025-09-12 08:00:00,14.0,16.0,15.0
P006,2025-09-12 20:00:00,20.0,15.0,17.5
P006,2025-09-13 08:00:00,14.0,18.0,16.0
P006,2025-09-13 20:00:00,14.0,13.0,13.5
P006,2025-09-14 08:00:00,18.0,15.0,16.5
P006,2025-09-14 20:00:00,18.0,17.0,17.5
P006,2025-09-15 08:00:00,17.0,19.0,18.0
P006,2025-09-15 20:00:00,17.0,16.0,16.5
P006,2025-09-16 08:00:00,16.0,15.0,15.5
P006,2025-09-16 20:00:00,14.0,20.0,17.0
P006,2025-09-17 08:00:00,16.0,13.0,14.5
P006,2025-09-17 20:00:00,15.0,12.0,13.5
P006,2025-09-18 08:00:00,18.0,17.0,17.5
P006,2025-09-18 20:00:00,16.0,15.0,15.5
P006,2025-09-19 08:00:00,14.0,14.0,14.0
P006,2025-09-19 20:00:00,15.0,17.0,16.0
P006,2025-09-20 08:00:00,17.0,16.0,16.5
P006,2025-09-20 20:00:00,15.0,15.0,15.0
P006,2025-09-21 08:00:00,14.0,13.0,13.5
P006,2025-09-21 20:00:00,16.0,18.0,17.0
P006,2025-09-22 08:00:00,16.0,17.0,16.5
P006,2025-09-22 20:00:00,15.0,16.0,15.5
P006,2025-09-23 08:00:00,15.0,20.0,17.5
P006,2025-09-23 20:00:00,16.0,14.0,15.0
P006,2025-09-24 08:00:00,13.0,13.0,13.0
P006,2025-09-24 20:00:00,13.0,15.0,14.0
P006,2025-09-25 08:00:00,15.0,16.0,15.5
P006,2025-09-25 20:00:00,16.0,16.0,16.0
P006,2025-09-26 08:00:00,17.0,16.0,16.5
P006,2025-09-26 20:00:00,19.0,17.0,18.0
P006,2025-09-27 08:00:00,18.0,13.0,15.5
P006,2025-09-27 20:00:00,16.0,19.0,17.5
P006,2025-09-28 08:00:00,16.0,16.0,16.0
P006,2025-09-28 20:00:00,14.0,18.0,16.0
P006,2025-09-29 08:00:00,16.0,17.0,16.5
P006,2025-09-29 20:00:00,15.0,17.0,16.0
P006,2025-09-30 08:00:00,17.0,17.0,17.0
P006,2025-09-30 20:00:00,14.0,17.0,15.5
P007,2025-09-01 08:00:00,17.0,17.0,17.0
P007,2025-09-01 20:00:00,19.0,19.0,19.0
P007,2025-09-02 08:00:00,16.0,16.0,16.0
P007,2025-09-02 20:00:00,17.0,17.0,17.0
P007,2025-09-03 08:00:00,17.0,16.0,16.5
P007,2025-09-03 20:00:00,15.0,19.0,17.0
P007,2025-09-04 08:00:00,16.0,15.0,15.5
P007,2025-09-04 20:00:00,16.0,20.0,18.0
P007,2025-09-05 08:00:00,16.0,16.0,16.0
P007,2025-09-05 20:00:00,14.0,13.0,13.5
P007,2025-09-06 08:00:00,16.0,16.0,16.0
P007,2025-09-06 20:00:00,17.0,15.0,16.0
P007,2025-09-07 08:00:00,19.0,18.0,18.5
P007,2025-09-07 20:00:00,18.0,15.0,16.5
P007,2025-09-08 08:00:00,20.0,15.0,17.5
P007,2025-09-08 20:00:00,14.0,12.0,13.0
P007,2025-09-09 08:00:00,18.0,15.0,16.5
P007,2025-09-09 20:00:00,16.0,11.0,13.5
P007,2025-09-10 08:00:00,20.0,13.0,16.5
P007,2025-09-10 20:00:00,14.0,18.0,16.0
P007,2025-09-11 08:00:00,14.0,18.0,16.0
P007,2025-09-11 20:00:00,15.0,17.0,16.0
P007,2025-09-12 08:00:00,12.0,14.0,13.0
P007,2025-09-12 20:00:00,15.0,16.0,15.5
P007,2025-09-13 08:00:00,14.0,16.0,15.0
P007,2025-09-13 20:00:00,16.0,14.0,15.0
P007,2025-09-14 08:00:00,17.0,19.0,18.0
P007,2025-09-14 20:00:00,20.0,18.0,19.0
P007,2025-09-15 08:00:00,18.0,16.0,17.0
P007,2025-09-15 20:00:00,15.0,16.0,15.5
P007,2025-09-16 08:00:00,14.0,16.0,15.0
P007,2025-09-16 20:00:00,17.0,12.0,14.5
P007,2025-09-17 08:00:00,13.0,16.0,14.5
P007,2025-09-17 20:00:00,20.0,15.0,17.5
P007,2025-09-18 08:00:00,18.0,14.0,16.0
P007,2025-09-18 20:00:00,15.0,15.0,15.0
P007,2025-09-19 08:00:00,13.0,20.0,16.5
P007,2025-09-19 20:00:00,19.0,17.0,18.0
P007,2025-09-20 08:00:00,16.0,15.0,15.5
P007,2025-09-20 20:00:00,18.0,17.0,17.5
P007,2025-09-21 08:00:00,13.0,19.0,16.0
P007,2025-09-21 20:00:00,15.0,18.0,16.5
P007,2025-09-22 08:00:00,16.0,16.0,16.0
P007,2025-09-22 20:00:00,16.0,15.0,15.5
P007,2025-09-23 08:00:00,15.0,17.0,16.0
P007,2025-09-23 20:00:00,17.0,17.0,17.0
P007,2025-09-24 08:00:00,14.0,18.0,16.0
P007,2025-09-24 20:00:00,16.0,17.0,16.5
P007,2025-09-25 08:00:00,16.0,18.0,17.0
P007,2025-09-25 20:00:00,17.0,15.0,16.0
P007,2025-09-26 08:00:00,17.0,19.0,18.0
P007,2025-09-26 20:00:00,14.0,16.0,15.0
P007,2025-09-27 08:00:00,13.0,20.0,16.5
P007,2025-09-27 20:00:00,19.0,15.0,17.0
P007,2025-09-28 08:00:00,17.0,19.0,18.0
P007,2025-09-28 20:00:00,15.0,16.0,15.5
P007,2025-09-29 08:00:00,19.0,15.0,17.0
P007,2025-09-29 20:00:00,16.0,15.0,15.5
P007,2025-09-30 08:00:00,18.0,15.0,16.5
P007,2025-09-30 20:00:00,16.0,17.0,16.5
P008,2025-09-01 08:00:00,20.0,17.0,18.5
P008,2025-09-01 20:00:00,20.0,15.0,17.5
P008,2025-09-02 08:00:00,16.0,16.0,16.0
P008,2025-09-02 20:00:00,18.0,20.0,19.0
P008,2025-09-03 08:00:00,17.0,19.0,18.0
P008,2025-09-03 20:00:00,19.0,17.0,18.0
P008,2025-09-04 08:00:00,14.0,16.0,15.0
P008,2025-09-04 20:00:00,17.0,16.0,16.5
P008,2025-09-05 08:00:00,18.0,17.0,17.5
P008,2025-09-05 20:00:00,12.0,14.0,13.0
P008,2025-09-06 08:00:00,14.0,15.0,14.5
P008,2025-09-06 20:00:00,12.0,13.0,12.5
P008,2025-09-07 08:00:00,15.0,17.0,16.0
P008,2025-09-07 20:00:00,17.0,17.0,17.0
P008,2025-09-08 08:00:00,19.0,15.0,17.0
P008,2025-09-08 20:00:00,16.0,19.0,17.5
P008,2025-09-09 08:00:00,19.0,14.0,16.5
P008,2025-09-09 20:00:00,13.0,13.0,13.0
P008,2025-09-10 08:00:00,13.0,16.0,14.5
P008,2025-09-10 20:00:00,16.0,18.0,17.0
P008,2025-09-11 08:00:00,17.0,19.0,18.0
P008,2025-09-11 20:00:00,16.0,15.0,15.5
P008,2025-09-12 08:00:00,12.0,18.0,15.0
P008,2025-09-12 20:00:00,16.0,16.0,16.0
P008,2025-09-13 08:00:00,13.0,16.0,14.5
P008,2025-09-13 20:00:00,17.0,18.0,17.5
P008,2025-09-14 08:00:00,17.0,17.0,17.0
P008,2025-09-14 20:00:00,14.0,13.0,13.5
P008,2025-09-15 08:00:00,15.0,19.0,17.0
P008,2025-09-15 20:00:00,14.0,19.0,16.5
P008,2025-09-16 08:00:00,16.0,15.0,15.5
P008,2025-09-16 20:00:00,18.0,17.0,17.5
P008,2025-09-17 08:00:00,14.0,17.0,15.5
P008,2025-09-17 20:00:00,17.0,17.0,17.0
P008,2025-09-18 08:00:00,15.0,15.0,15.0
P008,2025-09-18 20:00:00,14.0,15.0,14.5
P008,2025-09-19 08:00:00,16.0,16.0,16.0
P008,2025-09-19 20:00:00,14.0,18.0,16.0
P008,2025-09-20 08:00:00,15.0,17.0,16.0
P008,2025-09-20 20:00:00,14.0,15.0,14.5
P008,2025-09-21 08:00:00,20.0,18.0,19.0
P008,2025-09-21 20:00:00,16.0,10.0,13.0
P008,2025-09-22 08:00:00,15.0,18.0,16.5
P008,2025-09-22 20:00:00,16.0,13.0,14.5
P008,2025-09-23 08:00:00,16.0,15.0,15.5
P008,2025-09-23 20:00:00,16.0,14.0,15.0
P008,2025-09-24 08:00:00,17.0,13.0,15.0
P008,2025-09-24 20:00:00,18.0,18.0,18.0
P008,2025-09-25 08:00:00,15.0,15.0,15.0
P008,2025-09-25 20:00:00,15.0,17.0,16.0
P008,2025-09-26 08:00:00,15.0,16.0,15.5
P008,2025-09-26 20:00:00,11.0,17.0,14.0
P008,2025-09-27 08:00:00,13.0,16.0,14.5
P008,2025-09-27 20:00:00,19.0,13.0,16.0
P008,2025-09-28 08:00:00,19.0,18.0,18.5
P008,2025-09-28 20:00:00,16.0,15.0,15.5
P008,2025-09-29 08:00:00,17.0,13.0,15.0
P008,2025-09-29 20:00:00,17.0,15.0,16.0
P008,2025-09-30 08:00:00,22.0,19.0,20.5
P008,2025-09-30 20:00:00,18.0,18.0,18.0
P009,2025-09-01 08:00:00,16.0,15.0,15.5
P009,2025-09-01 20:00:00,14.0,15.0,14.5
P009,2025-09-02 08:00:00,13.0,15.0,14.0
P009,2025-09-02 20:00:00,16.0,20.0,18.0
P009,2025-09-03 08:00:00,14.0,17.0,15.5
P009,2025-09-03 20:00:00,13.0,17.0,15.0
P009,2025-09-04 08:00:00,15.0,18.0,16.5
P009,2025-09-04 20:00:00,14.0,16.0,15.0
P009,2025-09-05 08:00:00,19.0,15.0,17.0
P009,2025-09-05 20:00:00,18.0,16.0,17.0
P009,2025-09-06 08:00:00,16.0,16.0,16.0
P009,2025-09-06 20:00:00,19.0,16.0,17.5
P009,2025-09-07 08:00:00,16.0,17.0,16.5
P009,2025-09-07 20:00:00,14.0,16.0,15.0
P009,2025-09-08 08:00:00,19.0,17.0,18.0
P009,2025-09-08 20:00:00,17.0,16.0,16.5
P009,2025-09-09 08:00:00,14.0,16.0,15.0
P009,2025-09-09 20:00:00,16.0,12.0,14.0
P009,2025-09-10 08:00:00,14.0,18.0,16.0
P009,2025-09-10 20:00:00,13.0,17.0,15.0
P009,2025-09-11 08:00:00,18.0,18.0,18.0
P009,2025-09-11 20:00:00,20.0,10.0,15.0
P009,2025-09-12 08:00:00,13.0,20.0,16.5
P009,2025-09-12 20:00:00,17.0,16.0,16.5
P009,2025-09-13 08:00:00,15.0,18.0,16.5
P009,2025-09-13 20:00:00,15.0,14.0,14.5
P009,2025-09-14 08:00:00,15.0,17.0,16.0
P009,2025-09-14 20:00:00,14.0,14.0,14.0
P009,2025-09-15 08:00:00,16.0,15.0,15.5
P009,2025-09-15 20:00:00,14.0,20.0,17.0
P009,2025-09-16 08:00:00,17.0,16.0,16.5
P009,2025-09-16 20:00:00,16.0,16.0,16.0
P009,2025-09-17 08:00:00,16.0,18.0,17.0
P009,2025-09-17 20:00:00,14.0,17.0,15.5
P009,2025-09-18 08:00:00,15.0,16.0,15.5
P009,2025-09-18 20:00:00,18.0,17.0,17.5
P009,2025-09-19 08:00:00,17.0,21.0,19.0
P009,2025-09-19 20:00:00,14.0,16.0,15.0
P009,2025-09-20 08:00:00,16.0,16.0,16.0
P009,2025-09-20 20:00:00,18.0,18.0,18.0
P009,2025-09-21 08:00:00,13.0,18.0,15.5
P009,2025-09-21 20:00:00,17.0,18.0,17.5
P009,2025-09-22 08:00:00,15.0,17.0,16.0
P009,2025-09-22 20:00:00,17.0,14.0,15.5
P009,2025-09-23 08:00:00,14.0,19.0,16.5
P009,2025-09-23 20:00:00,12.0,14.0,13.0
P009,2025-09-24 08:00:00,13.0,17.0,15.0
P009,2025-09-24 20:00:00,16.0,14.0,15.0
P009,2025-09-25 08:00:00,17.0,16.0,16.5
P009,2025-09-25 20:00:00,14.0,17.0,15.5
P009,2025-09-26 08:00:00,17.0,17.0,17.0
P009,2025-09-26 20:00:00,13.0,17.0,15.0
P009,2025-09-27 08:00:00,16.0,19.0,17.5
P009,2025-09-27 20:00:00,14.0,17.0,15.5
P009,2025-09-28 08:00:00,15.0,16.0,15.5
P009,2025-09-28 20:00:00,16.0,18.0,17.0
P009,2025-09-29 08:00:00,14.0,18.0,16.0
P009,2025-09-29 20:00:00,15.0,14.0,14.5
P009,2025-09-30 08:00:00,18.0,17.0,17.5
P009,2025-09-30 20:00:00,15.0,17.0,16.0
P010,2025-09-01 08:00:00,18.0,15.0,16.5
P010,2025-09-01 20:00:00,14.0,19.0,16.5
P010,2025-09-02 08:00:00,17.0,16.0,16.5
P010,2025-09-02 20:00:00,19.0,16.0,17.5
P010,2025-09-03 08:00:00,11.0,16.0,13.5
P010,2025-09-03 20:00:00,14.0,16.0,15.0
P010,2025-09-04 08:00:00,17.0,14.0,15.5
P010,2025-09-04 20:00:00,16.0,13.0,14.5
P010,2025-09-05 08:00:00,17.0,19.0,18.0
P010,2025-09-05 20:00:00,15.0,14.0,14.5
P010,2025-09-06 08:00:00,16.0,14.0,15.0
P010,2025-09-06 20:00:00,16.0,12.0,14.0
P010,2025-09-07 08:00:00,18.0,15.0,16.5
P010,2025-09-07 20:00:00,17.0,13.0,15.0
P010,2025-09-08 08:00:00,17.0,19.0,18.0
P010,2025-09-08 20:00:00,15.0,18.0,16.5
P010,2025-09-09 08:00:00,15.0,15.0,15.0
P010,2025-09-09 20:00:00,15.0,21.0,18.0
P010,2025-09-10 08:00:00,17.0,18.0,17.5
P010,2025-09-10 20:00:00,15.0,15.0,15.0
P010,2025-09-11 08:00:00,17.0,11.0,14.0
P010,2025-09-11 20:00:00,20.0,21.0,20.5
P010,2025-09-12 08:00:00,18.0,13.0,15.5
P010,2025-09-12 20:00:00,15.0,13.0,14.0
P010,2025-09-13 08:00:00,18.0,18.0,18.0
P010,2025-09-13 20:00:00,15.0,21.0,18.0
P010,2025-09-14 08:00:00,12.0,19.0,15.5
P010,2025-09-14 20:00:00,14.0,17.0,15.5
P010,2025-09-15 08:00:00,12.0,17.0,14.5
P010,2025-09-15 20:00:00,15.0,18.0,16.5
P010,2025-09-16 08:00:00,16.0,18.0,17.0
P010,2025-09-16 20:00:00,19.0,17.0,18.0
P010,2025-09-17 08:00:00,17.0,16.0,16.5
P010,2025-09-17 20:00:00,16.0,16.0,16.0
P010,2025-09-18 08:00:00,18.0,14.0,16.0
P010,2025-09-18 20:00:00,12.0,15.0,13.5
P010,2025-09-19 08:00:00,16.0,13.0,14.5
P010,2025-09-19 20:00:00,18.0,16.0,17.0
P010,2025-09-20 08:00:00,13.0,14.0,13.5
P010,2025-09-20 20:00:00,18.0,14.0,16.0
P010,2025-09-21 08:00:00,17.0,16.0,16.5
P010,2025-09-21 20:00:00,15.0,19.0,17.0
P010,2025-09-22 08:00:00,17.0,18.0,17.5
P010,2025-09-22 20:00:00,21.0,13.0,17.0
P010,2025-09-23 08:00:00,16.0,14.0,15.0
P010,2025-09-23 20:00:00,16.0,18.0,17.0
P010,2025-09-24 08:00:00,15.0,14.0,14.5
P010,2025-09-24 20:00:00,14.0,16.0,15.0
P010,2025-09-25 08:00:00,18.0,17.0,17.5
P010,2025-09-25 20:00:00,14.0,14.0,14.0
P010,2025-09-26 08:00:00,16.0,16.0,16.0
P010,2025-09-26 20:00:00,15.0,13.0,14.0
P010,2025-09-27 08:00:00,17.0,15.0,16.0
P010,2025-09-27 20:00:00,17.0,17.0,17.0
P010,2025-09-28 08:00:00,18.0,13.0,15.5
P010,2025-09-28 20:00:00,15.0,17.0,16.0
P010,2025-09-29 08:00:00,15.0,16.0,15.5
P010,2025-09-29 20:00:00,14.0,17.0,15.5
P010,2025-09-30 08:00:00,15.0,16.0,15.5
P010,2025-09-30 20:00:00,17.0,19.0,18.0
